{"stats":{"minecraft:picked_up":{"minecraft:charcoal":8,"minecraft:item_frame":2,"minecraft:feather":6,"minecraft:experience_bottle":1,"minecraft:pumpkin_pie":2,"minecraft:potato":9,"minecraft:emerald":1,"minecraft:iron_nugget":2,"minecraft:rabbit":2,"minecraft:white_bed":1,"minecraft:mutton":4,"minecraft:iron_sword":1},"minecraft:mined":{"minecraft:white_bed":1,"minecraft:glass_pane":1,"minecraft:campfire":4},"minecraft:used":{"minecraft:item_frame":2,"minecraft:bread":4,"minecraft:experience_bottle":1,"minecraft:golden_helmet":1,"minecraft:golden_leggings":1},"minecraft:dropped":{"minecraft:feather":6,"minecraft:iron_nugget":2},"minecraft:custom":{"minecraft:time_since_rest":20976,"minecraft:open_chest":9,"minecraft:interact_with_smithing_table":1,"minecraft:interact_with_furnace":2,"minecraft:crouch_one_cm":66,"minecraft:play_time":20976,"minecraft:sprint_one_cm":35078,"minecraft:damage_taken":190,"minecraft:walk_one_cm":45084,"minecraft:sneak_time":78,"minecraft:drop":5,"minecraft:jump":100,"minecraft:eat_cake_slice":2,"minecraft:damage_dealt":10,"minecraft:leave_game":1,"minecraft:time_since_death":20976,"minecraft:total_world_time":20976,"minecraft:climb_one_cm":586,"minecraft:fall_one_cm":5006,"minecraft:fly_one_cm":21856}},"DataVersion":3465}