{"stats":{"minecraft:picked_up":{"grimoireofgaia:soulfire":1,"minecraft:iron_chestplate":3,"minecraft:feather":2,"minecraft:dirt":2,"minecraft:iron_leggings":3,"minecraft:armor_stand":4,"minecraft:item_frame":2,"minecraft:bow":1,"minecraft:pumpkin_pie":2,"minecraft:gold_nugget":1,"minecraft:hay_block":11,"minecraft:iron_helmet":3,"minecraft:iron_nugget":1,"iceandfire:silver_nugget":40,"minecraft:iron_boots":3},"minecraft:mined":{"minecraft:hay_block":11,"minecraft:grass_block":1,"iceandfire:silver_pile":12,"minecraft:tall_grass":1},"minecraft:used":{"minecraft:armor_stand":4,"minecraft:bread":2,"minecraft:iron_helmet":1,"minecraft:iron_boots":1,"minecraft:iron_chestplate":1,"minecraft:dirt":1,"minecraft:pumpkin_pie":2,"minecraft:iron_leggings":1},"minecraft:dropped":{"minecraft:dirt":1,"mca:book_romance":1,"minecraft:iron_nugget":1,"alexsmobs:animal_dictionary":1,"minecraft:iron_chestplate":1,"minecraft:feather":2,"minecraft:iron_helmet":1,"minecraft:iron_leggings":1,"minecraft:iron_boots":1,"pfm:furniture_book":1,"minecraft:item_frame":2},"minecraft:custom":{"minecraft:time_since_rest":18778,"minecraft:interact_with_furnace":2,"minecraft:sprint_one_cm":51470,"minecraft:damage_taken":120,"minecraft:walk_one_cm":22185,"minecraft:drop":12,"minecraft:damage_dealt":0,"minecraft:fly_one_cm":30420,"minecraft:open_chest":8,"minecraft:crouch_one_cm":312,"minecraft:play_time":18778,"minecraft:sneak_time":92,"minecraft:jump":128,"minecraft:leave_game":1,"minecraft:time_since_death":18778,"minecraft:total_world_time":18778,"minecraft:interact_with_smoker":1,"minecraft:fall_one_cm":4808}},"DataVersion":3465}