{"stats":{"minecraft:picked_up":{"minecraft:wheat":8,"minecraft:wheat_seeds":22,"minecraft:stripped_spruce_log":1,"minecraft:dirt":11},"minecraft:mined":{"minecraft:grass":8,"minecraft:grass_block":12,"minecraft:wheat":8,"minecraft:tall_grass":1,"minecraft:stripped_spruce_log":1},"minecraft:used":{"minecraft:dirt":4,"minecraft:flint_and_steel":1,"minecraft:crafting_table":1,"minecraft:bread":2,"minecraft:obsidian":15},"minecraft:custom":{"minecraft:open_chest":2,"minecraft:time_since_rest":37060,"minecraft:crouch_one_cm":1247,"minecraft:sprint_one_cm":26781,"minecraft:play_time":37060,"minecraft:damage_taken":40,"minecraft:walk_one_cm":28605,"minecraft:sneak_time":3566,"minecraft:walk_under_water_one_cm":99576,"minecraft:jump":219,"minecraft:damage_dealt":165,"minecraft:leave_game":2,"minecraft:walk_on_water_one_cm":7702,"minecraft:time_since_death":37060,"minecraft:climb_one_cm":377,"minecraft:total_world_time":37060,"minecraft:interact_with_crafting_table":1,"minecraft:fall_one_cm":13403,"minecraft:fly_one_cm":854095},"minecraft:crafted":{"minecraft:crafting_table":1,"minecraft:spruce_planks":4,"minecraft:bread":2}},"DataVersion":3465}