{"stats":{"minecraft:picked_up":{"minecraft:wheat":8,"minecraft:wheat_seeds":23,"minecraft:stripped_spruce_log":1,"minecraft:spruce_log":2,"minecraft:dirt":15},"minecraft:mined":{"minecraft:grass":10,"minecraft:grass_block":15,"minecraft:dirt":1,"minecraft:wheat":8,"minecraft:tall_grass":1,"minecraft:spruce_log":2,"minecraft:spruce_leaves":2,"minecraft:stripped_spruce_log":1,"minecraft:powder_snow":10},"minecraft:used":{"minecraft:dirt":8,"minecraft:flint_and_steel":1,"minecraft:crafting_table":1,"minecraft:bread":2,"minecraft:spruce_log":1,"minecraft:obsidian":15},"minecraft:custom":{"minecraft:open_chest":2,"minecraft:time_since_rest":54716,"minecraft:play_time":54716,"minecraft:crouch_one_cm":1386,"minecraft:sprint_one_cm":40716,"minecraft:damage_taken":210,"minecraft:walk_one_cm":51291,"minecraft:sneak_time":3617,"minecraft:walk_under_water_one_cm":99576,"minecraft:jump":271,"minecraft:damage_dealt":189,"minecraft:leave_game":2,"minecraft:time_since_death":54716,"minecraft:walk_on_water_one_cm":7702,"minecraft:climb_one_cm":377,"minecraft:total_world_time":54716,"minecraft:interact_with_crafting_table":1,"minecraft:fall_one_cm":14359,"minecraft:fly_one_cm":872376},"minecraft:crafted":{"minecraft:crafting_table":1,"minecraft:spruce_planks":4,"minecraft:bread":2}},"DataVersion":3465}