{"stats":{"minecraft:custom":{"minecraft:jump":7,"minecraft:time_since_rest":1451,"minecraft:sprint_one_cm":1939,"minecraft:play_time":1451,"minecraft:damage_taken":10,"minecraft:time_since_death":1451,"minecraft:walk_one_cm":2397,"minecraft:total_world_time":1451,"minecraft:fall_one_cm":335,"minecraft:fly_one_cm":829},"minecraft:mined":{"minecraft:oak_log":1,"minecraft:grass_block":6,"minecraft:dirt":1},"minecraft:used":{"minecraft:oak_log":1,"minecraft:dirt":1},"minecraft:picked_up":{"minecraft:oak_log":1,"minecraft:dirt":7}},"DataVersion":3465}