{"stats":{"minecraft:picked_up":{"minecraft:crafting_table":1,"minecraft:iron_chestplate":1,"minecraft:wheat":8,"minecraft:stripped_spruce_log":1,"minecraft:spruce_log":2,"minecraft:dirt":15,"minecraft:iron_leggings":1,"minecraft:item_frame":2,"minecraft:experience_bottle":1,"minecraft:wheat_seeds":23,"minecraft:hay_block":11,"minecraft:iron_helmet":1,"minecraft:iron_ingot":1,"minecraft:iron_nugget":1,"minecraft:emerald":1,"minecraft:iron_boots":1},"minecraft:mined":{"minecraft:hay_block":11,"minecraft:wheat":8,"minecraft:spruce_log":2,"minecraft:stripped_spruce_log":1,"minecraft:powder_snow":10,"minecraft:crafting_table":1,"minecraft:grass":11,"minecraft:grass_block":15,"minecraft:dirt":1,"minecraft:tall_grass":2,"minecraft:spruce_leaves":2,"minecraft:wall_torch":1},"minecraft:used":{"minecraft:flint_and_steel":1,"minecraft:bread":8,"minecraft:iron_helmet":1,"minecraft:item_frame":2,"minecraft:iron_chestplate":1,"minecraft:torch":1,"minecraft:dirt":8,"minecraft:crafting_table":2,"minecraft:experience_bottle":1,"minecraft:spruce_log":1,"minecraft:iron_leggings":1,"minecraft:obsidian":15},"minecraft:dropped":{"minecraft:iron_nugget":1},"minecraft:custom":{"minecraft:time_since_rest":69450,"minecraft:sprint_one_cm":72584,"minecraft:damage_taken":300,"minecraft:walk_one_cm":116398,"minecraft:drop":1,"minecraft:damage_dealt":239,"minecraft:swim_one_cm":554,"minecraft:interact_with_crafting_table":2,"minecraft:fly_one_cm":902075,"minecraft:open_chest":9,"minecraft:crouch_one_cm":1710,"minecraft:play_time":69450,"minecraft:sneak_time":3743,"minecraft:walk_under_water_one_cm":101310,"minecraft:jump":446,"minecraft:leave_game":3,"minecraft:walk_on_water_one_cm":8216,"minecraft:time_since_death":69450,"minecraft:total_world_time":69450,"minecraft:climb_one_cm":377,"minecraft:fall_one_cm":18466},"minecraft:crafted":{"minecraft:crafting_table":2,"minecraft:spruce_planks":8,"minecraft:wheat":99,"minecraft:bread":34}},"DataVersion":3465}