{"stats":{"minecraft:picked_up":{"minecraft:wooden_axe":1,"minecraft:crafting_table":3,"minecraft:wheat":12,"croptopia:peach":6,"minecraft:leather":11,"minecraft:wooden_pickaxe":1,"alexscaves:cave_tablet":1,"minecraft:oak_log":16,"minecraft:gunpowder":2,"minecraft:dirt":21,"minecraft:lantern":2,"alexsmobs:ancient_dart":1,"artifacts:shock_pendant":1,"minecraft:bone":3,"minecraft:apple":10,"minecraft:wheat_seeds":1,"minecraft:wild_armor_trim_smithing_template":2,"minecraft:iron_ingot":7,"minecraft:beef":16,"minecraft:iron_nugget":2,"minecraft:chest":3,"minecraft:oak_planks":10,"minecraft:raw_iron":26,"minecraft:torch":8,"minecraft:porkchop":3,"minecraft:sand":4,"minecraft:diorite":1,"minecraft:white_bed":1,"minecraft:iron_horse_armor":1,"minecraft:arrow":11,"minecraft:rotten_flesh":15,"born_in_chaos_v1:fire_dust":1,"minecraft:hay_block":12,"evilcraft:dark_gem":4,"croptopia:orange":9,"minecraft:emerald":2,"minecraft:gold_ingot":14,"evilcraft:condensed_blood":12,"minecraft:oak_sapling":2,"minecraft:mutton":15,"minecraft:coal":15,"minecraft:white_wool":10,"minecraft:cobblestone":22},"minecraft:killed":{"minecraft:pig":2,"mca:male_zombie_villager":1,"born_in_chaos_v1:baby_skeleton":1,"born_in_chaos_v1:siamese_skeletonsright":1,"born_in_chaos_v1:decrepit_skeleton":1,"minecraft:sheep":10,"minecraft:skeleton":2,"grimoireofgaia:creep":1,"born_in_chaos_v1:firelight_not_despawn":1,"artifacts:mimic":1,"born_in_chaos_v1:siamese_skeletonsleft":1,"minecraft:cow":9},"minecraft:mined":{"minecraft:white_bed":1,"minecraft:crafting_table":3,"minecraft:torch":4,"minecraft:grass_block":13,"minecraft:chest":3,"minecraft:cobblestone":1,"croptopia:blackbean_crop":1,"minecraft:spruce_leaves":1,"minecraft:oak_planks":10,"minecraft:diorite":1,"minecraft:wall_torch":4,"minecraft:spruce_stairs":1,"minecraft:hay_block":12,"minecraft:iron_ore":27,"evilcraft:dark_ore":2,"minecraft:grass":3,"minecraft:oak_log":16,"minecraft:coal_ore":15,"minecraft:dirt_path":4,"minecraft:sand":4,"minecraft:stone":16,"minecraft:oak_leaves":7},"minecraft:custom":{"minecraft:mob_kills":31,"minecraft:interact_with_crafting_table":10,"minecraft:open_barrel":4,"minecraft:leave_game":1,"minecraft:time_since_death":16316,"minecraft:sleep_in_bed":1,"minecraft:climb_one_cm":306,"minecraft:time_since_rest":15939,"minecraft:sprint_one_cm":251998,"minecraft:damage_taken":1639,"minecraft:walk_one_cm":149086,"minecraft:drop":18,"minecraft:damage_dealt":4700,"minecraft:swim_one_cm":12331,"minecraft:fly_one_cm":422119,"minecraft:open_chest":43,"minecraft:crouch_one_cm":4036,"minecraft:play_time":75775,"tombstone:undead_killed":7,"minecraft:deaths":3,"minecraft:sneak_time":1529,"minecraft:walk_under_water_one_cm":1359,"minecraft:jump":1208,"minecraft:walk_on_water_one_cm":1860,"minecraft:total_world_time":75775,"minecraft:fall_one_cm":28921},"minecraft:crafted":{"minecraft:oak_planks":64,"minecraft:stone_shovel":1,"minecraft:iron_nugget":9,"minecraft:crafting_table":3,"minecraft:wooden_pickaxe":1,"minecraft:iron_helmet":1,"minecraft:stone_axe":1,"minecraft:bread":37,"minecraft:lantern":1,"minecraft:iron_boots":1,"minecraft:iron_chestplate":1,"minecraft:shield":1,"minecraft:iron_axe":1,"minecraft:raw_gold":27,"minecraft:stick":20,"minecraft:iron_pickaxe":1,"minecraft:stone_pickaxe":1,"minecraft:wooden_axe":1,"minecraft:stone_sword":1,"minecraft:white_bed":1,"minecraft:torch":20,"minecraft:wheat":100},"minecraft:used":{"minecraft:stone_sword":2,"minecraft:stone_shovel":9,"minecraft:stone_pickaxe":14,"minecraft:oak_planks":19,"minecraft:wooden_pickaxe":10,"minecraft:iron_sword":38,"minecraft:torch":17,"minecraft:dirt":6,"minecraft:sand":4,"minecraft:crafting_table":5,"minecraft:white_bed":1,"croptopia:orange":5,"minecraft:wooden_axe":34,"minecraft:apple":8,"minecraft:iron_axe":29,"minecraft:bread":17,"minecraft:iron_pickaxe":38,"minecraft:stone_axe":8,"minecraft:cobblestone":7,"croptopia:peach":6,"minecraft:iron_leggings":1},"minecraft:dropped":{"minecraft:stone_axe":1,"minecraft:wheat_seeds":1,"minecraft:iron_nugget":2,"minecraft:wheat":13,"croptopia:orange":3,"minecraft:rotten_flesh":3,"minecraft:lantern":3,"minecraft:diorite":1,"minecraft:wooden_axe":2,"minecraft:stone_pickaxe":1,"minecraft:wooden_pickaxe":2}},"DataVersion":3465}