{
  "pfm:recipes/furniture/dark_oak_white_simple_bed": {
    "criteria": {
      "has_bed": "2024-06-21 01:30:46 +0000"
    },
    "done": true
  },
  "pfm:recipes/furniture/bamboo_white_simple_bed": {
    "criteria": {
      "has_bed": "2024-06-21 01:30:46 +0000"
    },
    "done": true
  },
  "takesapillage:root": {
    "criteria": {
      "always": "2024-06-21 01:20:44 +0000"
    },
    "done": true
  },
  "incendium:technical/sentrys_wrath": {
    "criteria": {
      "log_spam_fixer": "2024-06-21 01:37:57 +0000"
    },
    "done": false
  },
  "pfm:recipes/furniture/livingwood_botania_white_simple_bed": {
    "criteria": {
      "has_bed": "2024-06-21 01:30:46 +0000"
    },
    "done": true
  },
  "pfm:recipes/furniture/mangrove_white_simple_bed": {
    "criteria": {
      "has_bed": "2024-06-21 01:30:46 +0000"
    },
    "done": true
  },
  "storagedrawers:recipes/storagedrawers/one_stack_upgrade": {
    "criteria": {
      "has_template": "2024-06-21 01:20:44 +0000"
    },
    "done": true
  },
  "mcwfences:recipes/dark_oak": {
    "criteria": {
      "has_dark_oak": "2024-06-21 01:20:44 +0000"
    },
    "done": true
  },
  "mcwfences:recipes/crimson": {
    "criteria": {
      "has_crimson": "2024-06-21 01:20:44 +0000"
    },
    "done": true
  },
  "croptopia:recipes/potato_chips": {
    "criteria": {
      "has_potato": "2024-06-21 01:33:44 +0000"
    },
    "done": true
  },
  "stellarity:cursed_tome/root": {
    "criteria": {
      "requirement": "2024-06-21 01:20:44 +0000"
    },
    "done": true
  },
  "pfm:recipes/furniture/canopy_twilightforest_white_simple_bed": {
    "criteria": {
      "has_bed": "2024-06-21 01:30:46 +0000"
    },
    "done": true
  },
  "minecraft:recipes/decorations/crafting_table": {
    "criteria": {
      "unlock_right_away": "2024-06-21 01:20:44 +0000"
    },
    "done": true
  },
  "minecraft:recipes/decorations/chest": {
    "criteria": {
      "has_lots_of_items": "2024-06-21 01:29:05 +0000"
    },
    "done": true
  },
  "mcwfences:recipes/jungle": {
    "criteria": {
      "has_jungle": "2024-06-21 01:20:44 +0000"
    },
    "done": true
  },
  "minecraft:recipes/food/cooked_rabbit_from_campfire_cooking": {
    "criteria": {
      "has_rabbit": "2024-06-21 01:33:57 +0000"
    },
    "done": true
  },
  "pfm:recipes/furniture/livingwood_botania_white_classic_bed": {
    "criteria": {
      "has_bed": "2024-06-21 01:30:46 +0000"
    },
    "done": true
  },
  "storagedrawers:recipes/storagedrawers/illumination_upgrade": {
    "criteria": {
      "has_template": "2024-06-21 01:20:44 +0000"
    },
    "done": true
  },
  "mcwfences:recipes/warped": {
    "criteria": {
      "has_warped": "2024-06-21 01:20:44 +0000"
    },
    "done": true
  },
  "pfm:recipes/furniture/acacia_white_classic_bed": {
    "criteria": {
      "has_bed": "2024-06-21 01:30:46 +0000"
    },
    "done": true
  },
  "farmersdelight:recipes/cooking/baked_cod_stew": {
    "criteria": {
      "has_any_ingredient": "2024-06-21 01:33:44 +0000"
    },
    "done": true
  },
  "securitycraft:recipes/decorations/display_case": {
    "criteria": {
      "has_item_frame": "2024-06-21 01:28:38 +0000"
    },
    "done": true
  },
  "storagedrawers:recipes/storagedrawers/acacia_trim": {
    "criteria": {
      "has_planks": "2024-06-21 01:20:44 +0000"
    },
    "done": true
  },
  "minecraft:recipes/food/cooked_rabbit_from_grill_cooking": {
    "criteria": {
      "has_rabbit": "2024-06-21 01:33:57 +0000"
    },
    "done": true
  },
  "pfm:recipes/furniture/mining_twilightforest_white_classic_bed": {
    "criteria": {
      "has_bed": "2024-06-21 01:30:46 +0000"
    },
    "done": true
  },
  "pfm:grant_book_on_first_join": {
    "criteria": {
      "tick": "2024-06-21 01:20:44 +0000"
    },
    "done": true
  },
  "pfm:recipes/furniture/strophar_ad_astra_white_simple_bed": {
    "criteria": {
      "has_bed": "2024-06-21 01:30:46 +0000"
    },
    "done": true
  },
  "incendium:technical/on_kill": {
    "criteria": {
      "log_spam_fixer": "2024-06-21 01:37:57 +0000"
    },
    "done": false
  },
  "croptopia:recipes/campfire_toast": {
    "criteria": {
      "has_bread": "2024-06-21 01:27:56 +0000"
    },
    "done": true
  },
  "iceandfire:iceandfire/root": {
    "criteria": {
      "tick": "2024-06-21 01:20:44 +0000"
    },
    "done": true
  },
  "pfm:recipes/furniture/dreamwood_botania_white_classic_bed": {
    "criteria": {
      "has_bed": "2024-06-21 01:30:46 +0000"
    },
    "done": true
  },
  "pfm:recipes/furniture/warped_white_classic_bed": {
    "criteria": {
      "has_bed": "2024-06-21 01:30:46 +0000"
    },
    "done": true
  },
  "pfm:recipes/furniture/sorting_twilightforest_white_classic_bed": {
    "criteria": {
      "has_bed": "2024-06-21 01:30:46 +0000"
    },
    "done": true
  },
  "pfm:recipes/furniture/chorus_cataclysm_white_simple_bed": {
    "criteria": {
      "has_bed": "2024-06-21 01:30:46 +0000"
    },
    "done": true
  },
  "pfm:recipes/furniture/crimson_white_classic_bed": {
    "criteria": {
      "has_bed": "2024-06-21 01:30:46 +0000"
    },
    "done": true
  },
  "minecraft:recipes/decorations/campfire": {
    "criteria": {
      "has_coal": "2024-06-21 01:33:44 +0000"
    },
    "done": true
  },
  "pfm:recipes/furniture/twilight_oak_twilightforest_white_classic_bed": {
    "criteria": {
      "has_bed": "2024-06-21 01:30:46 +0000"
    },
    "done": true
  },
  "pfm:recipes/furniture/spruce_white_simple_bed": {
    "criteria": {
      "has_bed": "2024-06-21 01:30:46 +0000"
    },
    "done": true
  },
  "pfm:recipes/furniture/warped_white_simple_bed": {
    "criteria": {
      "has_bed": "2024-06-21 01:30:46 +0000"
    },
    "done": true
  },
  "storagedrawers:recipes/storagedrawers/concealment_key": {
    "criteria": {
      "has_template": "2024-06-21 01:20:44 +0000"
    },
    "done": true
  },
  "incendium:technical/on_inventory_change": {
    "criteria": {
      "log_spam_fixer": "2024-06-21 01:37:57 +0000"
    },
    "done": false
  },
  "pfm:recipes/furniture/scorched_born_in_chaos_v1_white_classic_bed": {
    "criteria": {
      "has_bed": "2024-06-21 01:30:46 +0000"
    },
    "done": true
  },
  "pfm:recipes/furniture/aeronos_ad_astra_white_classic_bed": {
    "criteria": {
      "has_bed": "2024-06-21 01:30:46 +0000"
    },
    "done": true
  },
  "mca:root": {
    "criteria": {
      "village_plains": "2024-06-21 01:27:22 +0000"
    },
    "done": true
  },
  "pfm:recipes/furniture/mining_twilightforest_white_simple_bed": {
    "criteria": {
      "has_bed": "2024-06-21 01:30:46 +0000"
    },
    "done": true
  },
  "pfm:recipes/furniture/scorched_born_in_chaos_v1_white_simple_bed": {
    "criteria": {
      "has_bed": "2024-06-21 01:30:46 +0000"
    },
    "done": true
  },
  "incendium:technical/holy_wrath": {
    "criteria": {
      "log_spam_fixer": "2024-06-21 01:37:57 +0000"
    },
    "done": false
  },
  "pfm:recipes/furniture/oak_white_simple_bed": {
    "criteria": {
      "has_bed": "2024-06-21 01:30:46 +0000"
    },
    "done": true
  },
  "incendium:technical/on_block": {
    "criteria": {
      "log_spam_fixer": "2024-06-21 01:37:57 +0000"
    },
    "done": false
  },
  "pfm:recipes/furniture/jungle_white_simple_bed": {
    "criteria": {
      "has_bed": "2024-06-21 01:30:46 +0000"
    },
    "done": true
  },
  "born_in_chaos_v1:bornin_chaos": {
    "criteria": {
      "bornin_chaos_0": "2024-06-21 01:20:44 +0000"
    },
    "done": true
  },
  "mcwfences:recipes/birch": {
    "criteria": {
      "has_birch": "2024-06-21 01:20:44 +0000"
    },
    "done": true
  },
  "pfm:recipes/furniture/glacian_ad_astra_white_simple_bed": {
    "criteria": {
      "has_bed": "2024-06-21 01:30:46 +0000"
    },
    "done": true
  },
  "minecraft:recipes/misc/iron_ingot_from_nuggets": {
    "criteria": {
      "has_iron_nugget": "2024-06-21 01:28:23 +0000"
    },
    "done": true
  },
  "storagedrawers:recipes/storagedrawers/gold_storage_upgrade": {
    "criteria": {
      "has_template": "2024-06-21 01:20:44 +0000"
    },
    "done": true
  },
  "mcwfences:recipes/stone": {
    "criteria": {
      "has_stone": "2024-06-21 01:20:44 +0000"
    },
    "done": true
  },
  "pfm:recipes/furniture/birch_white_classic_bed": {
    "criteria": {
      "has_bed": "2024-06-21 01:30:46 +0000"
    },
    "done": true
  },
  "minecraft:recipes/misc/iron_nugget_from_smelting": {
    "criteria": {
      "has_iron_sword": "2024-06-21 01:28:37 +0000"
    },
    "done": true
  },
  "minecraft:recipes/food/baked_potato_from_campfire_cooking": {
    "criteria": {
      "has_potato": "2024-06-21 01:33:44 +0000"
    },
    "done": true
  },
  "pfm:recipes/furniture/thornwood_alexscaves_white_simple_bed": {
    "criteria": {
      "has_bed": "2024-06-21 01:30:46 +0000"
    },
    "done": true
  },
  "pfm:recipes/furniture/dark_twilightforest_white_classic_bed": {
    "criteria": {
      "has_bed": "2024-06-21 01:30:46 +0000"
    },
    "done": true
  },
  "minecraft:recipes/misc/gold_nugget_from_smelting": {
    "criteria": {
      "has_golden_helmet": "2024-06-21 01:28:50 +0000"
    },
    "done": true
  },
  "incendium:technical/feed_ghastling": {
    "criteria": {
      "log_spam_fixer": "2024-06-21 01:37:57 +0000"
    },
    "done": false
  },
  "mcwfences:recipes/sandstone": {
    "criteria": {
      "has_sand": "2024-06-21 01:20:44 +0000"
    },
    "done": true
  },
  "pfm:recipes/furniture/strophar_ad_astra_white_classic_bed": {
    "criteria": {
      "has_bed": "2024-06-21 01:30:46 +0000"
    },
    "done": true
  },
  "mcwfences:recipes/acacia": {
    "criteria": {
      "has_acacia": "2024-06-21 01:20:44 +0000"
    },
    "done": true
  },
  "minecraft:recipes/decorations/glow_item_frame": {
    "criteria": {
      "has_item_frame": "2024-06-21 01:28:38 +0000"
    },
    "done": true
  },
  "minecraft:recipes/building_blocks/emerald_block": {
    "criteria": {
      "has_emerald": "2024-06-21 01:29:27 +0000"
    },
    "done": true
  },
  "mcwfences:recipes/oak": {
    "criteria": {
      "has_oak": "2024-06-21 01:20:44 +0000"
    },
    "done": true
  },
  "croptopia:recipes/cheeseburger": {
    "criteria": {
      "has_bread": "2024-06-21 01:27:56 +0000"
    },
    "done": true
  },
  "storagedrawers:recipes/storagedrawers/birch_trim": {
    "criteria": {
      "has_planks": "2024-06-21 01:20:44 +0000"
    },
    "done": true
  },
  "storagedrawers:recipes/storagedrawers/void_upgrade": {
    "criteria": {
      "has_template": "2024-06-21 01:20:44 +0000"
    },
    "done": true
  },
  "pfm:recipes/furniture/oak_white_classic_bed": {
    "criteria": {
      "has_bed": "2024-06-21 01:30:46 +0000"
    },
    "done": true
  },
  "pfm:recipes/furniture/aeronos_ad_astra_white_simple_bed": {
    "criteria": {
      "has_bed": "2024-06-21 01:30:46 +0000"
    },
    "done": true
  },
  "storagedrawers:recipes/storagedrawers/fill_level_upgrade": {
    "criteria": {
      "has_template": "2024-06-21 01:20:44 +0000"
    },
    "done": true
  },
  "croptopia:recipes/food/toast_from_smoking_bread": {
    "criteria": {
      "has_bread": "2024-06-21 01:27:56 +0000"
    },
    "done": true
  },
  "mcwfences:recipes/hedge": {
    "criteria": {
      "has_birch": "2024-06-21 01:20:44 +0000"
    },
    "done": true
  },
  "incendium:technical/inventory/firestorm": {
    "criteria": {
      "log_spam_fixer": "2024-06-21 01:37:57 +0000"
    },
    "done": false
  },
  "incendium:technical/give_ghastling": {
    "criteria": {
      "log_spam_fixer": "2024-06-21 01:37:57 +0000"
    },
    "done": false
  },
  "pfm:recipes/furniture/chorus_cataclysm_white_classic_bed": {
    "criteria": {
      "has_bed": "2024-06-21 01:30:46 +0000"
    },
    "done": true
  },
  "pfm:recipes/furniture/time_twilightforest_white_classic_bed": {
    "criteria": {
      "has_bed": "2024-06-21 01:30:46 +0000"
    },
    "done": true
  },
  "pfm:recipes/furniture/mangrove_white_classic_bed": {
    "criteria": {
      "has_bed": "2024-06-21 01:30:46 +0000"
    },
    "done": true
  },
  "incendium:technical/multiplex_crossbow": {
    "criteria": {
      "log_spam_fixer": "2024-06-21 01:37:57 +0000"
    },
    "done": false
  },
  "incendium:technical/using/ragnarok": {
    "criteria": {
      "log_spam_fixer": "2024-06-21 01:20:45 +0000"
    },
    "done": false
  },
  "minecraft:recipes/food/baked_potato_from_smoking": {
    "criteria": {
      "has_potato": "2024-06-21 01:33:44 +0000"
    },
    "done": true
  },
  "storagedrawers:recipes/storagedrawers/oak_trim": {
    "criteria": {
      "has_planks": "2024-06-21 01:20:44 +0000"
    },
    "done": true
  },
  "storagedrawers:recipes/storagedrawers/emerald_storage_upgrade": {
    "criteria": {
      "has_template": "2024-06-21 01:20:44 +0000"
    },
    "done": true
  },
  "storagedrawers:recipes/storagedrawers/obsidian_storage_upgrade": {
    "criteria": {
      "has_template": "2024-06-21 01:20:44 +0000"
    },
    "done": true
  },
  "minecraft:recipes/food/cooked_mutton_from_campfire_cooking": {
    "criteria": {
      "has_mutton": "2024-06-21 01:33:45 +0000"
    },
    "done": true
  },
  "farmersdelight:recipes/cooking/pasta_with_mutton_chop": {
    "criteria": {
      "has_any_ingredient": "2024-06-21 01:33:45 +0000"
    },
    "done": true
  },
  "pfm:recipes/furniture/cherry_white_simple_bed": {
    "criteria": {
      "has_bed": "2024-06-21 01:30:46 +0000"
    },
    "done": true
  },
  "storagedrawers:recipes/storagedrawers/iron_storage_upgrade": {
    "criteria": {
      "has_template": "2024-06-21 01:20:44 +0000"
    },
    "done": true
  },
  "pfm:recipes/furniture/mangrove_twilightforest_white_simple_bed": {
    "criteria": {
      "has_bed": "2024-06-21 01:30:46 +0000"
    },
    "done": true
  },
  "minecraft:husbandry/balanced_diet": {
    "criteria": {
      "bread": "2024-06-21 01:28:18 +0000"
    },
    "done": false
  },
  "croptopia:recipes/french_fries": {
    "criteria": {
      "has_potato": "2024-06-21 01:33:44 +0000"
    },
    "done": true
  },
  "pfm:recipes/furniture/acacia_white_simple_bed": {
    "criteria": {
      "has_bed": "2024-06-21 01:30:46 +0000"
    },
    "done": true
  },
  "minecraft:recipes/food/cooked_mutton_from_smoking": {
    "criteria": {
      "has_mutton": "2024-06-21 01:33:45 +0000"
    },
    "done": true
  },
  "minecraft:recipes/food/baked_potato_from_grill_cooking": {
    "criteria": {
      "has_potato": "2024-06-21 01:33:44 +0000"
    },
    "done": true
  },
  "farmersdelight:recipes/cooking/rabbit_stew": {
    "criteria": {
      "has_any_ingredient": "2024-06-21 01:33:57 +0000"
    },
    "done": true
  },
  "mcwfences:recipes/prismarine": {
    "criteria": {
      "has_qq": "2024-06-21 01:20:44 +0000"
    },
    "done": true
  },
  "mcwfences:recipes/quartz": {
    "criteria": {
      "has_qq": "2024-06-21 01:20:44 +0000"
    },
    "done": true
  },
  "storagedrawers:recipes/storagedrawers/diamond_storage_upgrade": {
    "criteria": {
      "has_template": "2024-06-21 01:20:44 +0000"
    },
    "done": true
  },
  "minecraft:recipes/misc/gold_nugget_from_blasting": {
    "criteria": {
      "has_golden_helmet": "2024-06-21 01:28:50 +0000"
    },
    "done": true
  },
  "minecraft:recipes/food/cooked_rabbit": {
    "criteria": {
      "has_rabbit": "2024-06-21 01:33:57 +0000"
    },
    "done": true
  },
  "pfm:recipes/furniture/undead_evilcraft_white_simple_bed": {
    "criteria": {
      "has_bed": "2024-06-21 01:30:46 +0000"
    },
    "done": true
  },
  "incendium:technical/on_player_hurt": {
    "criteria": {
      "log_spam_fixer": "2024-06-21 01:37:57 +0000"
    },
    "done": false
  },
  "repurposed_structures:root": {
    "criteria": {
      "always": "2024-06-21 01:20:44 +0000"
    },
    "done": true
  },
  "minecraft:recipes/food/cooked_mutton_from_grill_cooking": {
    "criteria": {
      "has_mutton": "2024-06-21 01:33:45 +0000"
    },
    "done": true
  },
  "pfm:recipes/furniture/jungle_white_classic_bed": {
    "criteria": {
      "has_bed": "2024-06-21 01:30:46 +0000"
    },
    "done": true
  },
  "mcwfences:recipes/mangrove": {
    "criteria": {
      "has_mangrove": "2024-06-21 01:20:44 +0000"
    },
    "done": true
  },
  "pfm:recipes/furniture/canopy_twilightforest_white_classic_bed": {
    "criteria": {
      "has_bed": "2024-06-21 01:30:46 +0000"
    },
    "done": true
  },
  "pfm:recipes/furniture/spruce_white_classic_bed": {
    "criteria": {
      "has_bed": "2024-06-21 01:30:46 +0000"
    },
    "done": true
  },
  "mcwfences:recipes/nether": {
    "criteria": {
      "has_nether_brick": "2024-06-21 01:20:44 +0000"
    },
    "done": true
  },
  "storagedrawers:recipes/storagedrawers/crimson_trim": {
    "criteria": {
      "has_planks": "2024-06-21 01:20:44 +0000"
    },
    "done": true
  },
  "incendium:technical/new_player": {
    "criteria": {
      "requirement": "2024-06-21 01:20:44 +0000"
    },
    "done": true
  },
  "pfm:recipes/furniture/dreamwood_botania_white_simple_bed": {
    "criteria": {
      "has_bed": "2024-06-21 01:30:46 +0000"
    },
    "done": true
  },
  "pfm:recipes/furniture/dark_oak_white_classic_bed": {
    "criteria": {
      "has_bed": "2024-06-21 01:30:46 +0000"
    },
    "done": true
  },
  "mcwfences:recipes/bamboo": {
    "criteria": {
      "has_bamboo": "2024-06-21 01:20:44 +0000"
    },
    "done": true
  },
  "stellarity:dragons_den/cursed_tome/root": {
    "criteria": {
      "requirement": "2024-06-21 01:20:44 +0000"
    },
    "done": true
  },
  "minecraft:recipes/decorations/lantern": {
    "criteria": {
      "has_iron_nugget": "2024-06-21 01:28:23 +0000"
    },
    "done": true
  },
  "mcwfences:recipes/spruce": {
    "criteria": {
      "has_spruce": "2024-06-21 01:20:44 +0000"
    },
    "done": true
  },
  "pfm:recipes/furniture/sorting_twilightforest_white_simple_bed": {
    "criteria": {
      "has_bed": "2024-06-21 01:30:46 +0000"
    },
    "done": true
  },
  "pfm:recipes/furniture/time_twilightforest_white_simple_bed": {
    "criteria": {
      "has_bed": "2024-06-21 01:30:46 +0000"
    },
    "done": true
  },
  "pfm:recipes/furniture/dreadwood_iceandfire_white_simple_bed": {
    "criteria": {
      "has_bed": "2024-06-21 01:30:46 +0000"
    },
    "done": true
  },
  "pfm:recipes/furniture/mangrove_twilightforest_white_classic_bed": {
    "criteria": {
      "has_bed": "2024-06-21 01:30:46 +0000"
    },
    "done": true
  },
  "storagedrawers:recipes/storagedrawers/drawer_key": {
    "criteria": {
      "has_template": "2024-06-21 01:20:44 +0000"
    },
    "done": true
  },
  "storagedrawers:recipes/storagedrawers/min_redstone_upgrade": {
    "criteria": {
      "has_template": "2024-06-21 01:20:44 +0000"
    },
    "done": true
  },
  "pfm:recipes/furniture/dark_twilightforest_white_simple_bed": {
    "criteria": {
      "has_bed": "2024-06-21 01:30:46 +0000"
    },
    "done": true
  },
  "grimoireofgaia:main/root": {
    "criteria": {
      "join": "2024-06-21 01:20:44 +0000"
    },
    "done": true
  },
  "pfm:recipes/furniture/undead_evilcraft_white_classic_bed": {
    "criteria": {
      "has_bed": "2024-06-21 01:30:46 +0000"
    },
    "done": true
  },
  "incendium:technical/using/shield": {
    "criteria": {
      "log_spam_fixer": "2024-06-21 01:20:45 +0000"
    },
    "done": false
  },
  "pfm:recipes/furniture/cherry_white_classic_bed": {
    "criteria": {
      "has_bed": "2024-06-21 01:30:46 +0000"
    },
    "done": true
  },
  "tombstone:adventure/root": {
    "criteria": {
      "auto": "2024-06-21 01:20:45 +0000"
    },
    "done": true
  },
  "croptopia:recipes/food/toast_from_bread": {
    "criteria": {
      "has_bread": "2024-06-21 01:27:56 +0000"
    },
    "done": true
  },
  "mcwfences:recipes/end": {
    "criteria": {
      "has_end_brick": "2024-06-21 01:20:44 +0000"
    },
    "done": true
  },
  "iceandfire:recipes/misc/dragon_meal": {
    "criteria": {
      "has_item": "2024-06-21 01:33:45 +0000"
    },
    "done": true
  },
  "incendium:technical/inventory/sentrys_wrath": {
    "criteria": {
      "log_spam_fixer": "2024-06-21 01:37:57 +0000"
    },
    "done": false
  },
  "pfm:recipes/furniture/glacian_ad_astra_white_classic_bed": {
    "criteria": {
      "has_bed": "2024-06-21 01:30:46 +0000"
    },
    "done": true
  },
  "minecraft:recipes/food/baked_potato": {
    "criteria": {
      "has_potato": "2024-06-21 01:33:44 +0000"
    },
    "done": true
  },
  "pfm:recipes/furniture/transformation_twilightforest_white_simple_bed": {
    "criteria": {
      "has_bed": "2024-06-21 01:30:46 +0000"
    },
    "done": true
  },
  "minecraft:recipes/combat/arrow": {
    "criteria": {
      "has_feather": "2024-06-21 01:28:23 +0000"
    },
    "done": true
  },
  "pfm:recipes/furniture/birch_white_simple_bed": {
    "criteria": {
      "has_bed": "2024-06-21 01:30:46 +0000"
    },
    "done": true
  },
  "minecraft:recipes/food/cooked_rabbit_from_smoking": {
    "criteria": {
      "has_rabbit": "2024-06-21 01:33:57 +0000"
    },
    "done": true
  },
  "storagedrawers:recipes/storagedrawers/warped_trim": {
    "criteria": {
      "has_planks": "2024-06-21 01:20:44 +0000"
    },
    "done": true
  },
  "pfm:recipes/furniture/twilight_oak_twilightforest_white_simple_bed": {
    "criteria": {
      "has_bed": "2024-06-21 01:30:46 +0000"
    },
    "done": true
  },
  "minecraft:recipes/decorations/chain": {
    "criteria": {
      "has_iron_nugget": "2024-06-21 01:28:23 +0000"
    },
    "done": true
  },
  "pfm:recipes/furniture/pewen_alexscaves_white_simple_bed": {
    "criteria": {
      "has_bed": "2024-06-21 01:30:46 +0000"
    },
    "done": true
  },
  "storagedrawers:recipes/storagedrawers/jungle_trim": {
    "criteria": {
      "has_planks": "2024-06-21 01:20:44 +0000"
    },
    "done": true
  },
  "mcwfences:recipes/mud_brick": {
    "criteria": {
      "has_qq": "2024-06-21 01:20:44 +0000"
    },
    "done": true
  },
  "storagedrawers:recipes/storagedrawers/max_redstone_upgrade": {
    "criteria": {
      "has_template": "2024-06-21 01:20:44 +0000"
    },
    "done": true
  },
  "pfm:recipes/furniture/transformation_twilightforest_white_classic_bed": {
    "criteria": {
      "has_bed": "2024-06-21 01:30:46 +0000"
    },
    "done": true
  },
  "mcwfences:recipes/blackstone": {
    "criteria": {
      "has_blackstone": "2024-06-21 01:20:44 +0000"
    },
    "done": true
  },
  "incendium:technical/firestorm": {
    "criteria": {
      "log_spam_fixer": "2024-06-21 01:37:57 +0000"
    },
    "done": false
  },
  "iceandfire:recipes/food/ambrosia": {
    "criteria": {
      "has_item": "2024-06-21 01:28:11 +0000"
    },
    "done": true
  },
  "pfm:recipes/furniture/dreadwood_iceandfire_white_classic_bed": {
    "criteria": {
      "has_bed": "2024-06-21 01:30:46 +0000"
    },
    "done": true
  },
  "pfm:recipes/furniture/crimson_white_simple_bed": {
    "criteria": {
      "has_bed": "2024-06-21 01:30:46 +0000"
    },
    "done": true
  },
  "minecraft:husbandry/root": {
    "criteria": {
      "consumed_item": "2024-06-21 01:28:18 +0000"
    },
    "done": true
  },
  "cataclysm:root": {
    "criteria": {
      "custom_test_name": "2024-06-21 01:20:44 +0000"
    },
    "done": true
  },
  "incendium:technical/scroll_of_returning": {
    "criteria": {
      "log_spam_fixer": "2024-06-21 01:20:45 +0000"
    },
    "done": false
  },
  "pfm:recipes/furniture/pewen_alexscaves_white_classic_bed": {
    "criteria": {
      "has_bed": "2024-06-21 01:30:46 +0000"
    },
    "done": true
  },
  "storagedrawers:recipes/storagedrawers/redstone_upgrade": {
    "criteria": {
      "has_template": "2024-06-21 01:20:44 +0000"
    },
    "done": true
  },
  "storagedrawers:recipes/storagedrawers/spruce_trim": {
    "criteria": {
      "has_planks": "2024-06-21 01:20:44 +0000"
    },
    "done": true
  },
  "mcwfences:recipes/deepslate": {
    "criteria": {
      "has_deepslate": "2024-06-21 01:20:44 +0000"
    },
    "done": true
  },
  "farmersdelight:recipes/cooking/beef_stew": {
    "criteria": {
      "has_any_ingredient": "2024-06-21 01:33:44 +0000"
    },
    "done": true
  },
  "minecraft:recipes/food/cooked_mutton": {
    "criteria": {
      "has_mutton": "2024-06-21 01:33:45 +0000"
    },
    "done": true
  },
  "pfm:recipes/furniture/thornwood_alexscaves_white_classic_bed": {
    "criteria": {
      "has_bed": "2024-06-21 01:30:46 +0000"
    },
    "done": true
  },
  "farmersdelight:main/root": {
    "criteria": {
      "seeds": "2024-06-21 01:20:44 +0000"
    },
    "done": true
  },
  "croptopia:recipes/documentation": {
    "criteria": {
      "has_crop": "2024-06-21 01:33:44 +0000"
    },
    "done": true
  },
  "storagedrawers:recipes/storagedrawers/quantify_key": {
    "criteria": {
      "has_template": "2024-06-21 01:20:44 +0000"
    },
    "done": true
  },
  "storagedrawers:recipes/storagedrawers/dark_oak_trim": {
    "criteria": {
      "has_planks": "2024-06-21 01:20:44 +0000"
    },
    "done": true
  },
  "incendium:technical/using/trailblazer": {
    "criteria": {
      "log_spam_fixer": "2024-06-21 01:20:45 +0000"
    },
    "done": false
  },
  "minecraft:recipes/misc/iron_nugget_from_blasting": {
    "criteria": {
      "has_iron_sword": "2024-06-21 01:28:37 +0000"
    },
    "done": true
  },
  "minecraft:adventure/adventuring_time": {
    "criteria": {
      "minecraft:snowy_plains": "2024-06-21 01:20:45 +0000",
      "minecraft:grove": "2024-06-21 01:27:22 +0000",
      "minecraft:meadow": "2024-06-21 01:27:29 +0000"
    },
    "done": false
  },
  "pfm:recipes/furniture/bamboo_white_classic_bed": {
    "criteria": {
      "has_bed": "2024-06-21 01:30:46 +0000"
    },
    "done": true
  },
  "DataVersion": 3465
}